output,source_idx,source_file,steps,duration_sec,xyz_min_mm,xyz_max_mm,speed_mean_mm_s,speed_max_mm_s,xyz_err_mean_mm,xyz_err_p95_mm,xyz_err_max_mm
card_pos_000.npy,0,episode_0.hdf5,479,23.95,"[198.65, -5.377, 168.013]","[390.322, 32.209, 229.236]",12.528499550458605,33.376793408313326,0.11414369347704907,0.33716737380120737,0.44831096798876957
card_pos_001.npy,1,episode_1.hdf5,484,24.2,"[191.103, -5.194, 167.934]","[395.387, 35.527, 240.221]",15.007593553460529,50.646501306341406,0.1402404083757812,0.35599062691362315,0.3859660111356515
card_pos_002.npy,2,episode_3.hdf5,486,24.3,"[195.643, -5.134, 165.698]","[390.299, 34.485, 230.509]",14.675414106613344,56.494590835559535,0.14265110673150078,0.34722127858667257,0.5098870887003468
card_pos_003.npy,3,episode_4.hdf5,483,24.15,"[201.551, -5.092, 165.611]","[390.409, 33.025, 229.106]",14.09748894391602,52.708892033026935,0.11515024011890726,0.31307414507885567,0.371070765536631
card_pos_004.npy,4,episode_6.hdf5,432,21.6,"[199.12, -5.151, 165.973]","[390.763, 32.43, 229.138]",14.880706959985133,48.660566557646796,0.18634739268045908,0.5403803507233699,0.6270619156670495
card_pos_005.npy,5,episode_7.hdf5,424,21.2,"[200.08, -5.234, 165.525]","[391.853, 33.501, 229.07]",14.794111400639306,44.95902396304295,0.17398070086505713,0.4484301568403205,0.5374120875652499
card_pos_006.npy,6,episode_8.hdf5,474,23.7,"[185.426, -5.015, 165.745]","[390.539, 35.156, 228.986]",14.077468413623025,43.65966200863682,0.09932814651946965,0.18410665169985413,0.26832595482462773
card_pos_007.npy,7,episode_9.hdf5,441,22.05,"[189.832, -5.177, 165.621]","[390.289, 31.057, 229.214]",14.481155398878965,40.082635355846605,0.16153016663789116,0.36532921342285685,0.46069736244527
card_pos_008.npy,8,episode_10.hdf5,458,22.9,"[188.192, -4.905, 165.61]","[390.032, 34.614, 229.013]",14.686587199892031,43.7195348580723,0.11585654768196196,0.26780868492444093,0.3388745223245094
card_pos_009.npy,9,episode_11.hdf5,569,28.45,"[181.624, -5.329, 165.644]","[391.286, 31.769, 229.009]",12.11464833517351,42.59308960162818,0.1325241685540386,0.3250189756442222,0.5264628848395236
card_pos_010.npy,10,episode_12.hdf5,431,21.55,"[195.099, -5.052, 165.063]","[390.876, 29.534, 229.041]",14.717354349279605,46.879927294520556,0.17815688969121882,0.47071422378430944,0.5479825161178695
card_pos_011.npy,11,episode_13.hdf5,426,21.3,"[202.431, -5.282, 165.69]","[391.462, 30.92, 228.823]",14.55609568404097,36.8756661231166,0.1417002256024823,0.31740927322368545,0.3852904105980232
card_pos_012.npy,12,episode_14.hdf5,470,23.5,"[181.295, -5.206, 164.78]","[390.33, 31.434, 229.269]",14.953122415893601,40.38090564095603,0.13871566133478222,0.3526799659821648,0.3825768303211494
card_pos_013.npy,13,episode_15.hdf5,502,25.1,"[193.602, -4.981, 164.914]","[391.477, 29.185, 229.016]",12.981887080871603,62.667350524880625,0.1554645451395604,0.3326057522283201,0.35597640007875203
card_pos_014.npy,14,episode_16.hdf5,467,23.35,"[195.919, -5.111, 165.306]","[391.961, 33.382, 229.177]",14.793174114044785,53.97600779559455,0.1117577984835222,0.2648899294741433,0.3788183914691814
card_pos_015.npy,15,episode_17.hdf5,434,21.7,"[206.067, -4.907, 164.336]","[391.372, 33.482, 228.953]",15.598598372717262,69.52083981611722,0.13671450734393487,0.30267490509871825,0.37773528685495583
card_pos_016.npy,16,episode_18.hdf5,425,21.25,"[178.829, -5.13, 165.539]","[390.709, 27.773, 229.233]",16.055621778045857,48.665530153389106,0.09222473713617772,0.17970436131208747,0.22335389751654983
card_pos_017.npy,17,episode_19.hdf5,468,23.4,"[195.763, -5.211, 165.824]","[391.24, 32.189, 229.295]",14.061047887758003,47.602121279762144,0.1959123433787563,0.38923346775943934,0.4352452372681433
card_pos_018.npy,18,episode_20.hdf5,386,19.3,"[190.2, -5.144, 165.859]","[390.637, 33.476, 229.228]",17.677716661308736,43.453575409584325,0.1340763164614122,0.33102776480717006,0.4117103021597824
card_pos_019.npy,19,episode_21.hdf5,420,21.0,"[173.602, -5.103, 166.524]","[392.604, 43.964, 229.112]",17.533391687977357,49.24377618034051,0.1573735370644832,0.32381909244886525,0.48634546222714375
card_pos_020.npy,20,episode_23.hdf5,501,25.05,"[191.654, -7.387, 165.613]","[390.469, 30.474, 228.864]",14.803732733813177,62.800726617050344,0.17680626850790157,0.35038807446049147,0.47552539931972243
card_pos_021.npy,21,episode_24.hdf5,402,20.1,"[196.364, -12.753, 163.207]","[390.302, 30.455, 229.187]",17.36310089946522,59.75887194817973,0.13505837175061683,0.3379881702255364,0.4168634491365058
card_pos_022.npy,22,episode_25.hdf5,407,20.35,"[172.457, -5.281, 165.267]","[390.38, 38.683, 229.119]",17.40405116824004,72.09509928973885,0.1269414927339925,0.3156921804203047,0.3847287753982551
card_pos_023.npy,23,episode_26.hdf5,467,23.35,"[172.573, -5.398, 165.763]","[395.271, 36.789, 229.198]",15.643185336401347,54.1334430676627,0.13180867370945865,0.2475902055037684,0.3036628993867861
card_pos_024.npy,24,episode_27.hdf5,461,23.05,"[173.348, -5.148, 165.16]","[393.157, 32.37, 229.211]",14.59025717026448,46.00454336838645,0.14362619564407414,0.26905315500275734,0.3067145300980107
card_pos_025.npy,25,episode_28.hdf5,452,22.6,"[175.628, -5.189, 165.665]","[393.936, 34.015, 229.105]",15.420272403847566,52.38136509995134,0.12196640664069891,0.2756037447981562,0.34578015746726676
card_pos_026.npy,26,episode_29.hdf5,438,21.9,"[176.415, -5.302, 165.887]","[394.404, 34.753, 229.077]",15.924539345067215,39.62224488439829,0.09625317349615936,0.2434778947668246,0.303580773902248
card_pos_027.npy,27,episode_30.hdf5,456,22.8,"[175.815, -4.89, 165.589]","[392.835, 29.082, 228.596]",15.39718300492469,51.660168980575065,0.15525443894622315,0.3481258647411286,0.42396613452941045
card_pos_028.npy,28,episode_31.hdf5,420,21.0,"[175.361, -5.185, 164.677]","[394.295, 29.463, 228.871]",17.710331334586556,66.47831185228618,0.18723769782009853,0.44312144146652954,0.4868600085950561
card_pos_029.npy,29,episode_33.hdf5,396,19.8,"[174.878, -5.185, 166.445]","[390.303, 29.149, 229.4]",18.465434443631732,83.53801745919537,0.12962282198423253,0.4219448395655836,0.579159924105792
card_pos_030.npy,30,episode_34.hdf5,423,21.15,"[175.61, -5.266, 167.194]","[392.952, 32.869, 229.092]",15.825167730225715,48.531860266187785,0.13771779573814,0.30735750007472173,0.39189153572492347
card_pos_031.npy,31,episode_35.hdf5,433,21.65,"[174.123, -5.466, 166.46]","[391.202, 31.236, 229.161]",16.15608820277814,46.33104653813821,0.1130152912873562,0.22450671411719764,0.26400494302678423
card_pos_032.npy,32,episode_36.hdf5,414,20.7,"[174.368, -4.986, 165.712]","[394.108, 29.984, 229.515]",17.436096493705556,58.95474468295321,0.13942299112072906,0.27711546747190535,0.322266355215321
card_pos_033.npy,33,episode_37.hdf5,387,19.35,"[177.874, -5.357, 166.192]","[390.306, 28.859, 229.346]",17.864221799246273,82.07718858302181,0.16826531051000054,0.44076216044903627,0.5540139519641925
card_pos_034.npy,34,episode_38.hdf5,404,20.2,"[175.908, -5.327, 165.467]","[391.488, 30.791, 229.293]",16.588040672669102,47.495165801750275,0.17312430053611855,0.463925657226399,0.5236039156849226
card_pos_035.npy,35,episode_39.hdf5,363,18.15,"[174.651, -5.172, 166.322]","[394.139, 34.921, 229.09]",19.87461124779333,52.3409638515982,0.10978960232987928,0.2123569577251702,0.26601612375957356
card_pos_036.npy,36,episode_40.hdf5,399,19.95,"[174.984, -5.786, 165.79]","[390.624, 30.711, 228.981]",17.547586761089743,48.74583334389771,0.09065802726475404,0.1982639752919677,0.23549130651799993
card_pos_037.npy,37,episode_41.hdf5,389,19.45,"[175.189, -5.356, 165.078]","[390.408, 26.567, 229.279]",18.611682168634985,57.59712394733996,0.1526552907321431,0.36088920980654254,0.46890848771269245
card_pos_038.npy,38,episode_42.hdf5,357,17.85,"[175.333, -5.145, 164.37]","[390.289, 31.844, 229.605]",19.784917017190477,46.433375223494444,0.1183877050732219,0.20173958766258138,0.22940771089363757
card_pos_039.npy,39,episode_43.hdf5,408,20.4,"[174.68, -5.136, 166.062]","[395.975, 29.39, 229.081]",16.676573985673684,56.71761890806688,0.09828897476218225,0.23299390921197474,0.27925204186675795
card_pos_040.npy,40,episode_44.hdf5,344,17.2,"[174.602, -5.489, 165.822]","[395.786, 34.842, 229.176]",20.403732018407094,46.86519947710397,0.08396272823700462,0.16882316546474724,0.1940831001284882
card_pos_041.npy,41,episode_45.hdf5,376,18.8,"[176.069, -5.196, 165.154]","[393.13, 30.362, 229.286]",18.47906948302857,53.91192520739698,0.09970776747056719,0.2534534938363718,0.30208380732311785
card_pos_042.npy,42,episode_46.hdf5,401,20.05,"[174.2, -5.271, 165.325]","[396.121, 28.609, 230.234]",17.881823943974005,48.70736220031743,0.12287412192624604,0.34943286123427963,0.4107527167347041
card_pos_043.npy,43,episode_47.hdf5,415,20.75,"[176.204, -5.21, 166.5]","[395.297, 28.492, 229.189]",16.90675913835934,67.87654503107146,0.14705801772504296,0.34183279598512517,0.44277221843715003
card_pos_044.npy,44,episode_49.hdf5,407,20.35,"[175.952, -5.239, 166.355]","[392.534, 31.941, 229.132]",17.295830497316285,44.36083203059507,0.13446498519454494,0.30877617785552486,0.3828889907455699
card_pos_045.npy,45,episode_50.hdf5,402,20.1,"[182.299, -5.214, 166.056]","[393.734, 29.76, 229.082]",16.997712326028438,76.33671013258409,0.12903645408996875,0.2747590943622735,0.35261362562791243
card_pos_046.npy,46,episode_51.hdf5,389,19.45,"[176.276, -5.137, 165.627]","[393.954, 29.915, 228.964]",17.401889633668393,48.74059240575734,0.13644628031538505,0.28466898045732997,0.3386128461542962
card_pos_047.npy,47,episode_52.hdf5,378,18.9,"[175.438, -5.224, 165.172]","[390.488, 32.741, 229.329]",19.861083463627082,84.81537348497291,0.09812665872271764,0.20860190489568212,0.25973408377773255
card_pos_048.npy,48,episode_53.hdf5,398,19.9,"[185.02, -5.117, 165.991]","[392.859, 31.757, 229.001]",16.028177281580504,40.96104691938357,0.13489603746373868,0.31970099326483153,0.38839399073114483
card_pos_049.npy,49,episode_54.hdf5,389,19.45,"[181.339, -5.278, 165.612]","[393.311, 34.672, 229.06]",17.55445687009017,53.78368167940458,0.11490528457654317,0.19373632714997915,0.20923996865253855
card_pos_050.npy,0,episode_0.hdf5,479,23.95,"[198.65, -5.377, 168.0]","[390.322, 32.154, 229.236]",12.525961523121433,33.372407212401896,0.11015684781089656,0.2798927677051481,0.3593205475786532
card_pos_051.npy,1,episode_1.hdf5,484,24.2,"[191.103, -5.194, 167.952]","[395.342, 35.55, 240.221]",15.00171318739528,50.645102820859016,0.1686016793465598,0.4503467508507331,0.5513293561765591
card_pos_052.npy,2,episode_3.hdf5,486,24.3,"[195.52, -5.134, 165.686]","[390.299, 34.469, 230.509]",14.68501496106673,56.502163882731175,0.14127794344359693,0.2854274236625398,0.42431502858211745
card_pos_053.npy,3,episode_4.hdf5,483,24.15,"[201.515, -5.092, 165.613]","[390.409, 33.195, 229.108]",14.08833660772045,52.69156984325167,0.14509437913664297,0.32672889816837347,0.40189547365545075
card_pos_054.npy,4,episode_6.hdf5,432,21.6,"[199.155, -5.151, 165.93]","[390.763, 32.56, 229.138]",14.889440394547906,48.679175713081655,0.12019142299013881,0.28676409903731637,0.3635768731204194
card_pos_055.npy,5,episode_7.hdf5,424,21.2,"[200.129, -5.234, 165.515]","[391.743, 33.409, 229.07]",14.789481197624802,45.004144032624836,0.16203764195187922,0.44355757934897694,0.6092786683053962
card_pos_056.npy,6,episode_8.hdf5,474,23.7,"[185.452, -5.015, 165.739]","[390.539, 35.206, 228.986]",14.069497185894075,43.66595336850949,0.09911626107604786,0.21189809029001772,0.24468033101152803
card_pos_057.npy,7,episode_9.hdf5,441,22.05,"[189.767, -5.177, 165.648]","[390.289, 31.041, 229.214]",14.502943310905813,40.089210982661655,0.1331170743906953,0.3449086172642164,0.4559381780271489
card_pos_058.npy,8,episode_10.hdf5,458,22.9,"[188.158, -4.905, 165.602]","[390.032, 34.505, 229.013]",14.691227243228052,43.72640206687027,0.08625490603237324,0.16416640902004234,0.19883166664156032
card_pos_059.npy,9,episode_11.hdf5,569,28.45,"[181.658, -5.329, 165.569]","[391.242, 31.837, 229.009]",12.114660396429443,42.51178495622328,0.10066919719405992,0.25104122843995447,0.3103204553891831
card_pos_060.npy,10,episode_12.hdf5,431,21.55,"[195.246, -5.052, 165.054]","[390.855, 29.675, 229.041]",14.72041861705068,46.88192115024996,0.10095854828050115,0.24350981337994315,0.31174732209945183
card_pos_061.npy,11,episode_13.hdf5,426,21.3,"[202.673, -5.282, 165.608]","[391.462, 30.836, 228.823]",14.551088730008184,36.803170145892146,0.14377862606521977,0.35274491319322915,0.4032666973448593
card_pos_062.npy,12,episode_14.hdf5,470,23.5,"[181.436, -5.206, 164.789]","[390.33, 31.421, 229.269]",14.941009879024104,40.38431268246986,0.11744247767714222,0.29294986749189755,0.37189880982714413
card_pos_063.npy,13,episode_15.hdf5,502,25.1,"[193.479, -4.981, 164.844]","[391.437, 28.957, 229.016]",12.989812764806086,62.71343492397581,0.1738055378437946,0.34424841531918343,0.3846671296129476
card_pos_064.npy,14,episode_16.hdf5,467,23.35,"[195.919, -5.111, 165.247]","[391.984, 33.196, 229.177]",14.805576425832815,54.027121659260004,0.13203783413623935,0.23439113797909045,0.30877455312501867
card_pos_065.npy,15,episode_17.hdf5,434,21.7,"[206.137, -4.907, 164.336]","[391.356, 33.632, 228.953]",15.588073739843784,69.48289857210416,0.06349956870499548,0.16381467230227542,0.1945206254159287
card_pos_066.npy,16,episode_18.hdf5,425,21.25,"[178.846, -5.13, 165.504]","[390.709, 27.792, 229.233]",16.058038423634283,48.704071879762566,0.14558378199291055,0.29949606826353825,0.39870999690544634
card_pos_067.npy,17,episode_19.hdf5,468,23.4,"[195.996, -5.211, 165.85]","[391.24, 32.047, 229.295]",14.033863877088498,47.69079493641242,0.11687029002411659,0.2669434141371517,0.3210899382219868
card_pos_068.npy,18,episode_20.hdf5,386,19.3,"[190.255, -5.144, 165.974]","[390.637, 33.243, 229.228]",17.659125106337402,43.44135834299574,0.11386551950985789,0.25416353159032556,0.28727576368468627
card_pos_069.npy,19,episode_21.hdf5,420,21.0,"[173.49, -5.103, 166.442]","[392.604, 43.855, 229.112]",17.52587733717439,49.24377618034051,0.19031398273413447,0.4414190251877817,0.4936257940675026
card_pos_070.npy,20,episode_23.hdf5,501,25.05,"[191.654, -7.387, 165.649]","[390.469, 30.511, 228.864]",14.808156355784176,62.767895174113036,0.13336015013941846,0.38369877067317226,0.4810834354013237
card_pos_071.npy,21,episode_24.hdf5,402,20.1,"[196.397, -12.753, 163.245]","[390.302, 30.448, 229.187]",17.36487060888432,59.73462659383286,0.11026012881746289,0.2670661588990823,0.3342790421549978
card_pos_072.npy,22,episode_25.hdf5,407,20.35,"[172.575, -5.281, 165.287]","[390.38, 38.487, 229.119]",17.406064596779405,72.13127319412592,0.13760089106211568,0.26427484501934534,0.3688759471185677
card_pos_073.npy,23,episode_26.hdf5,467,23.35,"[172.533, -5.398, 165.732]","[395.261, 36.82, 229.198]",15.642042847257493,54.18974173334358,0.15448121678463872,0.3489579536275645,0.4067890282713238
card_pos_074.npy,24,episode_27.hdf5,461,23.05,"[173.55, -5.148, 165.104]","[393.008, 32.349, 229.211]",14.580745745571301,46.038946256545934,0.14643631479880342,0.3435387792966841,0.5223178202254055
card_pos_075.npy,25,episode_28.hdf5,452,22.6,"[175.623, -5.189, 165.657]","[393.973, 34.004, 229.105]",15.419446386728728,52.371558113455706,0.16830591885059845,0.3995201390082376,0.42377520559628107
card_pos_076.npy,26,episode_29.hdf5,438,21.9,"[176.415, -5.302, 165.853]","[394.335, 34.77, 229.077]",15.929077521688354,39.64621687616084,0.14151015172673384,0.3373130536009459,0.4281640002497975
card_pos_077.npy,27,episode_30.hdf5,456,22.8,"[175.815, -4.89, 165.539]","[392.835, 29.022, 228.596]",15.39450399081394,51.6770608587427,0.13419817232024217,0.29711235675945696,0.32690327678426095
card_pos_078.npy,28,episode_31.hdf5,420,21.0,"[175.46, -5.185, 164.666]","[394.295, 29.374, 228.871]",17.704015770640716,66.48738370309323,0.11436962152356726,0.28558273854702254,0.37500257549885885
card_pos_079.npy,29,episode_33.hdf5,396,19.8,"[174.74, -5.185, 166.455]","[390.303, 29.049, 229.4]",18.47490383096271,83.52910626761052,0.13742339742502147,0.2814811301240908,0.3737066639436123
card_pos_080.npy,30,episode_34.hdf5,423,21.15,"[175.703, -5.266, 167.137]","[393.047, 33.113, 229.092]",15.82785312316874,48.52598149421364,0.12611023602829985,0.2035755827996363,0.23672999028677927
card_pos_081.npy,31,episode_35.hdf5,433,21.65,"[173.983, -5.466, 166.476]","[391.202, 31.038, 229.161]",16.15579692666472,46.33195350345755,0.105358466638809,0.23612476380404687,0.24349285935755746
card_pos_082.npy,32,episode_36.hdf5,414,20.7,"[174.602, -4.986, 165.819]","[394.043, 30.049, 229.515]",17.419716135684794,58.93782091766557,0.15107581755809965,0.30696338862353045,0.34049578946321546
card_pos_083.npy,33,episode_37.hdf5,387,19.35,"[177.696, -5.357, 166.12]","[390.307, 28.838, 229.346]",17.870932995750373,82.09543197117308,0.1101739334004908,0.2962993102293736,0.3405383311218406
card_pos_084.npy,34,episode_38.hdf5,404,20.2,"[175.933, -5.327, 165.469]","[391.488, 30.795, 229.293]",16.574186265525082,47.437455377723865,0.10926212319237825,0.26683821713524114,0.3330684460235529
card_pos_085.npy,35,episode_39.hdf5,363,18.15,"[174.686, -5.172, 166.345]","[394.256, 34.977, 229.09]",19.891696996066763,52.33054163116696,0.1384962127488614,0.3719159059868996,0.3820843771468699
card_pos_086.npy,36,episode_40.hdf5,399,19.95,"[175.034, -5.786, 165.792]","[390.624, 30.617, 228.981]",17.547975611452806,48.74198230111953,0.13777516003567417,0.32307661438327023,0.38539143873486986
card_pos_087.npy,37,episode_41.hdf5,389,19.45,"[175.189, -5.356, 165.076]","[390.408, 26.482, 229.279]",18.62236047643857,57.62945250949492,0.09819275253867314,0.19811413821728405,0.23733807923279626
card_pos_088.npy,38,episode_42.hdf5,357,17.85,"[175.366, -5.145, 164.368]","[390.289, 31.767, 229.605]",19.76748083596426,46.42115411422691,0.12612876634627135,0.29714192362933767,0.3835707758593303
card_pos_089.npy,39,episode_43.hdf5,408,20.4,"[174.68, -5.136, 166.046]","[396.142, 29.417, 229.081]",16.687514415209698,56.72362322056489,0.1541117062253885,0.35677076046387884,0.4638515091273776
card_pos_090.npy,40,episode_44.hdf5,344,17.2,"[174.602, -5.489, 165.841]","[395.753, 34.759, 229.176]",20.393375241116715,46.91981331699655,0.1284859542065937,0.2645311657148107,0.30326761487166637
card_pos_091.npy,41,episode_45.hdf5,376,18.8,"[176.069, -5.196, 165.141]","[393.117, 30.493, 229.286]",18.461966906216528,54.05256459686437,0.15818970218514422,0.2899824805150881,0.34917702014698937
card_pos_092.npy,42,episode_46.hdf5,401,20.05,"[174.192, -5.271, 165.384]","[396.143, 28.646, 230.234]",17.877798098032166,48.7290616078425,0.11285363924549767,0.2648207389692039,0.2742970668879413
card_pos_093.npy,43,episode_47.hdf5,415,20.75,"[176.227, -5.21, 166.463]","[395.375, 28.626, 229.189]",16.910768593607592,67.8356669822531,0.14648313642110855,0.3476755694278571,0.4830862940369232
card_pos_094.npy,44,episode_49.hdf5,407,20.35,"[175.947, -5.239, 166.319]","[392.534, 31.865, 229.132]",17.298239690620548,44.38499482516386,0.1697030769154786,0.3597938238399557,0.4411832705477759
card_pos_095.npy,45,episode_50.hdf5,402,20.1,"[182.318, -5.214, 166.034]","[393.694, 29.875, 229.082]",16.999697817549837,76.31387309833643,0.11677620493610372,0.2637689576230993,0.31195725442438993
card_pos_096.npy,46,episode_51.hdf5,389,19.45,"[176.121, -5.137, 165.573]","[394.013, 29.941, 228.964]",17.4021631987065,48.777634674938,0.16009886293974043,0.4316704098897176,0.5468286165672108
card_pos_097.npy,47,episode_52.hdf5,378,18.9,"[175.285, -5.224, 165.035]","[390.488, 32.771, 229.329]",19.86862050410895,84.8131054086593,0.15367355730725826,0.33662682845970876,0.3909057048362126
card_pos_098.npy,48,episode_53.hdf5,398,19.9,"[185.184, -5.117, 166.018]","[392.827, 31.701, 229.001]",16.015817822102683,40.96104691938357,0.1342498417708979,0.25388031274718587,0.284881591067808
card_pos_099.npy,49,episode_54.hdf5,389,19.45,"[181.339, -5.278, 165.61]","[393.368, 34.545, 229.06]",17.555479634690048,53.7770038821189,0.197556392740699,0.7550599644095806,0.9583798231586936
